<keymap version="1" name="VSCode copy" parent="VSCode">
  <action id="ActivateHierarchyToolWindow">
    <keyboard-shortcut first-keystroke="alt h" />
    <keyboard-shortcut first-keystroke="ctrl numpad7" />
  </action>
  <action id="ActivateStructureToolWindow">
    <keyboard-shortcut first-keystroke="alt 1" />
  </action>
  <action id="ActivateTODOToolWindow">
    <keyboard-shortcut first-keystroke="alt 4" />
  </action>
  <action id="CollapseDocComments">
    <keyboard-shortcut first-keystroke="ctrl k" second-keystroke="ctrl slash" />
    <keyboard-shortcut first-keystroke="ctrl pause" />
  </action>
  <action id="CollapseRegion">
    <keyboard-shortcut first-keystroke="shift ctrl open_bracket" />
    <keyboard-shortcut first-keystroke="shift ctrl subtract" />
  </action>
  <action id="DeleteMnemonicFromBookmark">
    <keyboard-shortcut first-keystroke="ctrl alt numpad0" />
  </action>
  <action id="EditorCodeBlockEnd">
    <keyboard-shortcut first-keystroke="ctrl numpad0" />
  </action>
  <action id="EditorCodeBlockStart">
    <keyboard-shortcut first-keystroke="ctrl numpad1" />
  </action>
  <action id="EditorDeleteLine">
    <keyboard-shortcut first-keystroke="shift ctrl k" />
    <keyboard-shortcut first-keystroke="shift ctrl slash" />
    <keyboard-shortcut first-keystroke="ctrl decimal" />
  </action>
  <action id="FindUsages">
    <keyboard-shortcut first-keystroke="shift alt f12" />
    <keyboard-shortcut first-keystroke="ctrl numpad2" />
  </action>
  <action id="GotoNextElementUnderCaretUsage">
    <keyboard-shortcut first-keystroke="ctrl numpad4" />
  </action>
  <action id="GotoPrevElementUnderCaretUsage">
    <keyboard-shortcut first-keystroke="ctrl numpad5" />
  </action>
  <action id="HighlightUsagesInFile">
    <keyboard-shortcut first-keystroke="shift ctrl f7" />
    <keyboard-shortcut first-keystroke="ctrl numpad6" />
  </action>
  <action id="MoveStatementDown">
    <keyboard-shortcut first-keystroke="ctrl numpad8" />
  </action>
  <action id="MoveStatementUp">
    <keyboard-shortcut first-keystroke="ctrl numpad9" />
  </action>
  <action id="ShowTypeBookmarks">
    <keyboard-shortcut first-keystroke="ctrl alt numpad1" />
  </action>
  <action id="ShowUsages">
    <keyboard-shortcut first-keystroke="shift f12" />
    <keyboard-shortcut first-keystroke="ctrl numpad3" />
  </action>
  <action id="ToggleBookmark">
    <keyboard-shortcut first-keystroke="ctrl alt numpad2" />
  </action>
  <action id="ToggleBookmarkWithMnemonic">
    <keyboard-shortcut first-keystroke="ctrl f11" />
    <keyboard-shortcut first-keystroke="ctrl alt numpad3" />
  </action>
</keymap>