<application>
  <component name="CPPToolchains" version="10">
    <toolchains detectedVersion="5">
      <toolchain name="Visual Studio" toolSetKind="MSVC" toolSetPath="C:\Program Files\Microsoft Visual Studio\2022\Community" debuggerKind="BUNDLED_LLDB">
        <toolSetOption type="msvc.arch" value="amd64" />
      </toolchain>
      <toolchain name="MinGW" toolSetKind="MINGW" toolSetPath="BUNDLED_MINGW" debuggerKind="BUNDLED_GDB" />
      <toolchain name="x86" toolSetKind="MSVC" toolSetPath="C:\Program Files\Microsoft Visual Studio\2022\Community" debuggerKind="BUNDLED_LLDB">
        <toolSetOption type="msvc.arch" value="x86" />
      </toolchain>
    </toolchains>
  </component>
</application>