<application>
  <component name="CodeFoldingSettings">
    <option name="COLLAPSE_METHODS" value="true" />
    <option name="COLLAPSE_CUSTOM_FOLDING_REGIONS" value="true" />
  </component>
  <component name="CodeInsightSettings">
    <option name="AUTO_POPUP_JAVADOC_INFO" value="true" />
    <option name="HIGHLIGHT_SCOPE" value="true" />
  </component>
  <component name="DaemonCodeAnalyzerSettings">
    <option name="AUTOREPARSE_DELAY" value="50" />
  </component>
  <component name="EditorSettings">
    <option name="VERTICAL_SCROLL_OFFSET" value="8" />
    <option name="HORIZONTAL_SCROLL_OFFSET" value="30" />
    <option name="HORIZONTAL_SCROLL_JUMP" value="30" />
    <option name="TOOLTIPS_DELAY_MS" value="300" />
    <option name="IS_FOLDING_OUTLINE_SHOWN_ONLY_ON_HOVER" value="false" />
    <option name="IS_FOLDING_ENDINGS_SHOWN" value="true" />
    <option name="IS_WHEEL_FONTCHANGE_ENABLED" value="true" />
  </component>
  <component name="MarkdownCodeFoldingSettings">
    <option name="collapseCodeFences" value="true" />
  </component>
</application>