<application>
  <component name="Trusted.Paths">
    <option name="TRUSTED_PROJECT_PATHS">
      <map>
        <entry key="C:\Users\Anonymous\CLionProjects\DLLInject" value="true" />
        <entry key="C:\Users\Anonymous\CLionProjects\NTK_Analyzer" value="true" />
        <entry key="C:\Users\Anonymous\CLionProjects\NTK_Trainer" value="true" />
        <entry key="C:\Users\Anonymous\CLionProjects\NexusDataFileExtractor" value="true" />
        <entry key="C:\Users\Anonymous\CLionProjects\RealmDllInject" value="true" />
        <entry key="C:\Users\Anonymous\CLionProjects\custom ddraw" value="true" />
        <entry key="C:\Users\Anonymous\CLionProjects\pkt" value="true" />
        <entry key="C:\Users\Anonymous\CLionProjects\untitled" value="true" />
        <entry key="C:\Users\Anonymous\CLionProjects\x32_Injector" value="true" />
        <entry key="C:\Users\Anonymous\Desktop\8_13_25-link-vault_cpp" value="true" />
        <entry key="C:\Users\Anonymous\Desktop\8_18_25-ntk-headless-client_cpp" value="true" />
        <entry key="C:\Users\Anonymous\Desktop\DyeWarsServer" value="true" />
        <entry key="C:\Users\Anonymous\Desktop\NTK_Intermediary" value="true" />
        <entry key="C:\Users\Anonymous\Desktop\OTK_Custom_Server" value="true" />
        <entry key="C:\Users\Anonymous\Desktop\PacketBuilder" value="true" />
        <entry key="C:\Users\Anonymous\Desktop\Reversing\Software\cpp_packet_analysis" value="true" />
        <entry key="C:\Users\Anonymous\Desktop\ShopBuilder" value="true" />
        <entry key="C:\Users\Anonymous\Desktop\ntk_bow_selector" value="true" />
        <entry key="C:\Users\Anonymous\Desktop\reverseengineering" value="true" />
        <entry key="C:\Users\Anonymous\Documents\UnityProjects\DyeWars" value="true" />
        <entry key="C:\Users\Anonymous\Documents\UnityProjects\DyeWarsProject\dyewars_server" value="true" />
      </map>
    </option>
  </component>
  <component name="Trusted.Paths.Settings">
    <option name="TRUSTED_PATHS">
      <list>
        <option value="C:\Users\Anonymous\Documents\UnityProjects" />
      </list>
    </option>
  </component>
</application>