<application>
  <component name="DimensionService">
    <location key="find.popup.0.0.1920.1080@120dpi" x="659" y="45" />
    <size key="GridCell.Tab.0.left.0.0.1920.1080@120dpi" width="1168" height="289" />
    <size key="GridCell.Tab.0.center.0.0.1920.1080@120dpi" width="1168" height="289" />
    <size key="GridCell.Tab.0.right.0.0.1920.1080@120dpi" width="1168" height="289" />
    <size key="GridCell.Tab.0.bottom.0.0.1920.1080@120dpi" width="1168" height="289" />
    <size key="GridCell.Tab.1.left.0.0.1920.1080@120dpi" width="833" height="289" />
    <size key="GridCell.Tab.1.center.0.0.1920.1080@120dpi" width="833" height="289" />
    <size key="GridCell.Tab.1.right.0.0.1920.1080@120dpi" width="833" height="289" />
    <size key="GridCell.Tab.1.bottom.0.0.1920.1080@120dpi" width="833" height="289" />
    <size key="GridCell.Tab.2.left.0.0.1920.1080@120dpi" width="1830" height="293" />
    <size key="GridCell.Tab.2.center.0.0.1920.1080@120dpi" width="1830" height="293" />
    <size key="GridCell.Tab.2.right.0.0.1920.1080@120dpi" width="1830" height="293" />
    <size key="GridCell.Tab.2.bottom.0.0.1920.1080@120dpi" width="1830" height="293" />
    <size key="GridCell.Tab.3.left.0.0.1920.1080@120dpi" width="1830" height="293" />
    <size key="GridCell.Tab.3.center.0.0.1920.1080@120dpi" width="1830" height="293" />
    <size key="GridCell.Tab.3.right.0.0.1920.1080@120dpi" width="1830" height="293" />
    <size key="GridCell.Tab.3.bottom.0.0.1920.1080@120dpi" width="1830" height="293" />
    <size key="GridCell.Tab.0.left.1920.0.1920.1080@120dpi" width="1838" height="680" />
    <size key="GridCell.Tab.0.center.1920.0.1920.1080@120dpi" width="1838" height="680" />
    <size key="GridCell.Tab.0.right.1920.0.1920.1080@120dpi" width="1838" height="680" />
    <size key="GridCell.Tab.0.bottom.1920.0.1920.1080@120dpi" width="1838" height="680" />
    <size key="GridCell.Tab.1.left.1920.0.1920.1080@120dpi" width="1832" height="301" />
    <size key="GridCell.Tab.1.center.1920.0.1920.1080@120dpi" width="1832" height="301" />
    <size key="GridCell.Tab.1.right.1920.0.1920.1080@120dpi" width="1832" height="301" />
    <size key="GridCell.Tab.1.bottom.1920.0.1920.1080@120dpi" width="1832" height="301" />
    <size key="GridCell.Tab.2.left.1920.0.1920.1080@120dpi" width="1832" height="301" />
    <size key="GridCell.Tab.2.center.1920.0.1920.1080@120dpi" width="1832" height="301" />
    <size key="GridCell.Tab.2.right.1920.0.1920.1080@120dpi" width="1832" height="301" />
    <size key="GridCell.Tab.2.bottom.1920.0.1920.1080@120dpi" width="1832" height="301" />
    <size key="GridCell.Tab.3.left.1920.0.1920.1080@120dpi" width="1832" height="301" />
    <size key="GridCell.Tab.3.center.1920.0.1920.1080@120dpi" width="1832" height="301" />
    <size key="GridCell.Tab.3.right.1920.0.1920.1080@120dpi" width="1832" height="301" />
    <size key="GridCell.Tab.3.bottom.1920.0.1920.1080@120dpi" width="1832" height="301" />
    <size key="find.popup.0.0.1920.1080@120dpi" width="771" height="987" />
  </component>
  <component name="WindowManager">
    <frame x="-7" y="9" width="1918" height="1030" />
  </component>
  <component name="WindowStateApplicationService">
    <state width="683" height="840" key="ShowUsagesActions.dimensionServiceKey.ideScale=125" timestamp="1765053515740">
      <screen x="0" y="0" width="1920" height="1032" />
    </state>
    <state width="683" height="840" key="ShowUsagesActions.dimensionServiceKey.ideScale=125/1920.0.1920.1032/-1920.0.1536.816/0.0.1920.1032" timestamp="1765053515740" />
    <state x="960" y="479" width="1000" height="813" key="WELCOME_SCREEN.ideScale=125" timestamp="1764264768940">
      <screen x="0" y="0" width="1920" height="1032" />
    </state>
    <state x="960" y="479" width="1000" height="813" key="WELCOME_SCREEN.ideScale=125/1920.0.1920.1032/-1920.0.1536.816/0.0.1920.1032" timestamp="1764264768940" />
  </component>
</application>